{"cameraMode":{"drawMode":0,"name":"Shaded","section":"Shading Mode"},"sceneLighting":true,"audioPlay":false,"sceneViewState":{"showFog":true,"showMaterialUpdate":true,"showSkybox":true,"showFlares":true,"showImageEffects":true,"showParticleSystems":true},"in2DMode":false,"pivot":{"x":-1.7675588130950928,"y":4.378304481506348,"z":-0.11887910962104798},"rotation":{"x":-0.038200344890356067,"y":0.9563551545143127,"z":-0.14600661396980287,"w":-0.2502153515815735},"size":16.359079360961915,"orthographic":false}